{
    "n": 200,
    "min": 2.815,
    "max": 7.54,
    "promedio": 4.9559050000000004,
    "desviacion_estandar": 0.5001430555101208
}