{
    "n": 200,
    "min": 2.786,
    "max": 8.448,
    "promedio": 5.025040000000001,
    "desviacion_estandar": 0.6797816328792652
}