{
    "n": 200,
    "min": 2.738,
    "max": 8.267,
    "promedio": 5.0284249999999995,
    "desviacion_estandar": 0.6093014560749054
}