{
    "n": 200,
    "min": 2.7,
    "max": 8.188,
    "promedio": 5.00154,
    "desviacion_estandar": 0.6300189508260845
}