{
    "n": 200,
    "min": 2.78,
    "max": 8.483,
    "promedio": 5.050065,
    "desviacion_estandar": 0.6928968760032044
}