{
    "n": 200,
    "min": 2.993,
    "max": 8.488,
    "promedio": 5.071885,
    "desviacion_estandar": 0.6680909083163759
}