{
    "n": 200,
    "min": 2.894,
    "max": 8.323,
    "promedio": 5.01769,
    "desviacion_estandar": 0.5691365863305573
}