{
    "n": 200,
    "min": 2.854,
    "max": 8.339,
    "promedio": 4.99754,
    "desviacion_estandar": 0.5275773766946419
}