{
    "n": 200,
    "min": 2.825,
    "max": 8.339,
    "promedio": 4.999505,
    "desviacion_estandar": 0.594004873696336
}