{
    "n": 200,
    "min": 3.249,
    "max": 8.476,
    "promedio": 5.029995,
    "desviacion_estandar": 0.5455592680680992
}