{
    "n": 200,
    "min": 2.805,
    "max": 8.249,
    "promedio": 5.041465,
    "desviacion_estandar": 0.6354531523055023
}