{
    "n": 200,
    "min": 2.879,
    "max": 8.429,
    "promedio": 5.03782,
    "desviacion_estandar": 0.6021635472195241
}