{
    "n": 200,
    "min": 2.916,
    "max": 8.445,
    "promedio": 5.01145,
    "desviacion_estandar": 0.5599201974388851
}