{
    "n": 200,
    "min": 2.783,
    "max": 8.19,
    "promedio": 5.03514,
    "desviacion_estandar": 0.5798656140865747
}