{
    "n": 200,
    "min": 2.985,
    "max": 8.27,
    "promedio": 5.001259999999999,
    "desviacion_estandar": 0.5852788842936334
}