{
    "n": 200,
    "min": 2.791,
    "max": 8.213,
    "promedio": 4.983915,
    "desviacion_estandar": 0.557151970089849
}