{
    "n": 200,
    "min": 2.834,
    "max": 8.198,
    "promedio": 4.992815,
    "desviacion_estandar": 0.5434760167431495
}