{
    "n": 200,
    "min": 2.876,
    "max": 8.447,
    "promedio": 5.00801,
    "desviacion_estandar": 0.6506539017788181
}