{
    "n": 200,
    "min": 2.804,
    "max": 8.411,
    "promedio": 5.023305000000001,
    "desviacion_estandar": 0.6448042198799572
}