{
    "n": 200,
    "min": 2.966,
    "max": 8.362,
    "promedio": 5.041455,
    "desviacion_estandar": 0.6529321388743243
}